Parcelle,n_cep,symptomes,date,picture_name,cep_name,position_cm,distance_for_GU,position_organ,position_organ_2,symptom,organ+symptomes,total_perimeter_cm,dysfunctional_perimeter_cm_1,dysfunctional_perimeter_cm_2,dysfunctional_perimeter_cm_3,dysfunctional_perimeter_cm_4,necrotic_perimeter_1,necrotic_perimeter_2,necrotic_perimeter_3,necrotic_perimeter_4,necrotic_perimeter_5,Total_dysfunctional_perimeter,Total_necrotic_perimeter,Share_dysfunctional_perimeter,Share_necrotic_perimeter,Principal,Second,Third,Fourth,comment
III-5,69-80,AS,29/7/21,D00,69-80D,0,45.5,arm,D_arm,AS,arm_AS,7.61,0,0,0,0,,,,,,0,0,0,0,0,0,0,0,La position ne figure pas
III-5,69-80,AS,29/7/21,D01,69-80D,1,44.5,arm,D_arm,AS,arm_AS,10.58,,,,,"2,423",,,,,0,"2,423",0,"229,017,013",0,0,0,0,
III-5,69-80,AS,29/7/21,D02,69-80D,3,42.5,arm,D_arm,AS,arm_AS,"10,774",,,,,,,,,,0,0,0,0,0,0,0,0,
III-5,69-80,AS,29/7/21,D03,69-80D,4.5,41,arm,D_arm,AS,arm_AS,"8,001",0.412,0.203,,,,,,,,0.615,0,"76,865,392",0,"51,493,563","26,675,427",0,0,
III-5,69-80,AS,29/7/21,D04,69-80D,6.5,39,arm,D_arm,AS,arm_AS,"7,359",,,,,,,,,,0,0,0,0,0,0,0,0,
III-5,69-80,AS,29/7/21,D05,69-80D,8.5,37,arm,D_arm,AS,arm_AS,"6,548",,,,,,,,,,0,0,0,0,0,0,0,0,
III-5,69-80,AS,29/7/21,D06,69-80D,10.5,35,arm,D_arm,AS,arm_AS,"7,287",,,,,,,,,,0,0,0,0,0,0,0,0,
III-5,69-80,AS,29/7/21,D07,69-80D,13,32.5,transition,transition,transition,transition,"8,879",,,,,589,,,,,0,589,0,"66,336,299",0,0,0,0,
III-5,69-80,AS,29/7/21,D08,69-80D,14,31.5,transition,transition,transition,transition,"9,952",,,,,0.33,,,,,0,0.33,0,"33,159,164",0,0,0,0,
III-5,69-80,AS,29/7/21,D09,69-80D,16.5,29,trunk,trunk,AS,trunk_AS,"13,507",,,,,0.6,,,,,0,0.6,0,"44,421,411",0,0,0,0,
III-5,69-80,AS,29/7/21,D10,69-80D,18.5,27,trunk,trunk,AS,trunk_AS,"11,468",,,,,,,,,,0,0,0,0,0,0,0,0,
III-5,69-80,AS,29/7/21,D11,69-80D,20.5,25,trunk,trunk,AS,trunk_AS,9.64,,,,,,,,,,0,0,0,0,0,0,0,0,
III-5,69-80,AS,29/7/21,D12,69-80D,22.5,23,trunk,trunk,AS,trunk_AS,"10,088",,,,,,,,,,0,0,0,0,0,0,0,0,
III-5,69-80,AS,29/7/21,D13,69-80D,24.5,21,trunk,trunk,AS,trunk_AS,"10,905",,,,,0.25,,,,,0,0.25,0,"22,925,264",0,0,0,0,
III-5,69-80,AS,29/7/21,D14,69-80D,26,19.5,trunk,trunk,AS,trunk_AS,9.41,,,,,,,,,,0,0,0,0,0,0,0,0,
III-5,69-80,AS,29/7/21,D15,69-80D,28.5,17,trunk,trunk,AS,trunk_AS,"10,304",,,,,,,,,,0,0,0,0,0,0,0,0,
III-5,69-80,AS,29/7/21,D16,69-80D,30,15.5,trunk,trunk,AS,trunk_AS,"12,611",,,,,561,"1,365",,,,0,"1,926",0,"152,723,813",0,0,0,0,
III-5,69-80,AS,29/7/21,D17,69-80D,32,13.5,trunk,trunk,AS,trunk_AS,"9,754",,,,,,,,,,0,0,0,0,0,0,0,0,
III-5,69-80,AS,29/7/21,D18,69-80D,33.5,12,trunk,trunk,AS,trunk_AS,10.15,,,,,,,,,,0,0,0,0,0,0,0,0,
III-5,69-80,AS,29/7/21,D19,69-80D,35.5,10,trunk,trunk,AS,trunk_AS,"10,042",,,,,,,,,,0,0,0,0,0,0,0,0,
III-5,69-80,AS,29/7/21,D20,69-80D,37,8.5,trunk,trunk,AS,trunk_AS,"9,587",,,,,,,,,,0,0,0,0,0,0,0,0,
III-5,69-80,AS,29/7/21,D21,69-80D,38.5,7,trunk,trunk,AS,trunk_AS,"10,149",,,,,,,,,,0,0,0,0,0,0,0,0,
III-5,69-80,AS,29/7/21,D22,69-80D,40,5.5,trunk,trunk,AS,trunk_AS,"11,964",,,,,1.43,563,,,,0,"1,993",0,"166,583,083",0,0,0,0,
III-5,69-80,AS,29/7/21,D23,69-80D,41.5,4,trunk,trunk,AS,trunk_AS,21.63,0.255,,,,,,,,,0.255,0,"11,789,182",0,"11,789,182",0,0,0,
III-5,69-80,AS,29/7/21,D24,69-80D,42,3.5,trunk,trunk,AS,trunk_AS,13.3,0.261,,,,652,,,,,0.261,652,"20,635,674","49,022,556","20,635,674",0,0,0,
III-5,69-80,AS,29/7/21,D25,69-80D,43.5,2,trunk,trunk,AS,trunk_AS,19.55,0.217,0.188,,,"2,967",0.29,0.3,,,0.405,"3,557","25,323,579","181,943,734","13,568,436","24,704,336",0,0,
III-5,69-80,AS,29/7/21,D26,69-80D,45.5,0,GU,GU,AS,trunk_AS,"17,754",0.401,0.105,0.188,0.17,"2,292",,,,,0.864,"2,292","55,878,929","129,097,668","25,934,549","13,797,635","24,704,336","22,339,028",
III-5,69-80,AS,29/7/21,D27,69-80D,48,-2.5,GU,GU,AS,trunk_AS,"16,263",,,,,,,,,,0,0,0,0,0,0,0,0,zone rose achuré
III-5,69-80,AS,29/7/21,D28,69-80D,50.5,-5,rootstock,rootstock,AS,trunk_AS,"11,299",,,,,,,,,,0,0,0,0,0,0,0,0,
III-5,69-80,AS,29/7/21,D29,69-80D,52,-6.5,rootstock,rootstock,AS,trunk_AS,9.95,,,,,,,,,,0,0,0,0,0,0,0,0,
III-5,69-80,AS,29/7/21,D30,69-80D,54,-8.5,rootstock,rootstock,AS,trunk_AS,"9,116",,,,,,,,,,0,0,0,0,0,0,0,0,
III-5,69-80,AS,29/7/21,D31,69-80D,55.5,-10,rootstock,rootstock,AS,trunk_AS,"9,666",0.88,,,,"1,163",,,,,0.88,"1,163","10,349,288","120,318,643","10,349,288",0,0,0,
III-5,69-80,AS,29/7/21,D32,69-80D,56,-10.5,rootstock,rootstock,AS,trunk_AS,"8,973",,,,,153,,,,,0,153,0,"17,051,153",0,0,0,0,
III-5,69-80,AS,29/7/21,D33,69-80D,59.5,-14,rootstock,rootstock,AS,trunk_AS,"9,589",,,,,,,,,,0,0,0,0,0,0,0,0,
III-5,69-80,AS,29/7/21,U01,69-80U,1,36.5,arm,U_arm,AS,trunk_AS,"10,129",0.596,,,,893,,,,,0.596,893,"645,301","88,162,701","645,301",0,0,0,
III-5,69-80,AS,29/7/21,U02,69-80U,2,35.5,arm,U_arm,AS,trunk_AS,"12,345",,,,,"1,527",217,,,,0,"1,744",0,"14,127,177",0,0,0,0,
III-5,69-80,AS,29/7/21,U03,69-80U,3.5,34,arm,U_arm,AS,trunk_AS,"9,499",0.426,0.148,,,,,,,,0.574,0,"60,427,413",0,"44,846,826","19,448,095",0,0,DEUX COUPES N'ONT PAS ÉTÉ ANALYSEES CAR LA POSITION EN CM NE FIGURAIT PAS
III-5,69-80,AS,29/7/21,D07,69-80U,5,32.5,transition,transition,transition,transition,"8,879",,,,,589,,,,,0,589,0,"66,336,299",0,0,0,0,
III-5,69-80,AS,29/7/21,D08,69-80U,6,31.5,transition,transition,transition,transition,"9,952",,,,,0.33,,,,,0,0.33,0,"33,159,164",0,0,0,0,
III-5,69-80,AS,29/7/21,D09,69-80U,8.5,29,trunk,trunk,AS,trunk_AS,"13,507",,,,,0.6,,,,,0,0.6,0,"44,421,411",0,0,0,0,
III-5,69-80,AS,29/7/21,D10,69-80U,10.5,27,trunk,trunk,AS,trunk_AS,"11,468",,,,,,,,,,0,0,0,0,0,0,0,0,
III-5,69-80,AS,29/7/21,D11,69-80U,12.5,25,trunk,trunk,AS,trunk_AS,9.64,,,,,,,,,,0,0,0,0,0,0,0,0,liseré rose le long de la zone disfonctionnel (bois de l'année)
III-5,69-80,AS,29/7/21,D12,69-80U,14.5,23,trunk,trunk,AS,trunk_AS,"10,088",,,,,,,,,,0,0,0,0,0,0,0,0,
III-5,69-80,AS,29/7/21,D13,69-80U,16.5,21,trunk,trunk,AS,trunk_AS,"10,905",,,,,0.25,,,,,0,0.25,0,"22,925,264",0,0,0,0,
III-5,69-80,AS,29/7/21,D14,69-80U,18,19.5,trunk,trunk,AS,trunk_AS,9.41,,,,,,,,,,0,0,0,0,0,0,0,0,
III-5,69-80,AS,29/7/21,D15,69-80U,20.5,17,trunk,trunk,AS,trunk_AS,"10,304",,,,,,,,,,0,0,0,0,0,0,0,0,
III-5,69-80,AS,29/7/21,D16,69-80U,22,15.5,trunk,trunk,AS,trunk_AS,"12,611",,,,,561,"1,365",,,,0,"1,926",0,"152,723,813",0,0,0,0,Coupe n'est pas entière. Le perimètre total n'a donc pas été pris en compte de manière précise
III-5,69-80,AS,29/7/21,D17,69-80U,24,13.5,trunk,trunk,AS,trunk_AS,"9,754",,,,,,,,,,0,0,0,0,0,0,0,0,"La coupe n'est pas entière. Le perimètre de la partie coupé n'a pas été pris en compte. Cependant, sur la coupe inférieure cette partie semble disfonctionnel."
III-5,69-80,AS,29/7/21,D18,69-80U,25.5,12,trunk,trunk,AS,trunk_AS,10.15,,,,,,,,,,0,0,0,0,0,0,0,0,
III-5,69-80,AS,29/7/21,D19,69-80U,27.5,10,trunk,trunk,AS,trunk_AS,"10,042",,,,,,,,,,0,0,0,0,0,0,0,0,
III-5,69-80,AS,29/7/21,D20,69-80U,29,8.5,trunk,trunk,AS,trunk_AS,"9,587",,,,,,,,,,0,0,0,0,0,0,0,0,
III-5,69-80,AS,29/7/21,D21,69-80U,30.5,7,trunk,trunk,AS,trunk_AS,"10,149",,,,,,,,,,0,0,0,0,0,0,0,0,
III-5,69-80,AS,29/7/21,D22,69-80U,32,5.5,trunk,trunk,AS,trunk_AS,"11,964",,,,,1.43,563,,,,0,"1,993",0,"166,583,083",0,0,0,0,
III-5,69-80,AS,29/7/21,D23,69-80U,33.5,4,trunk,trunk,AS,trunk_AS,21.63,0.255,,,,,,,,,0.255,0,"11,789,182",0,"11,789,182",0,0,0,
III-5,69-80,AS,29/7/21,D24,69-80U,34,3.5,trunk,trunk,AS,trunk_AS,13.3,0.261,,,,652,,,,,0.261,652,"20,635,674","49,022,556","20,635,674",0,0,0,
III-5,69-80,AS,29/7/21,D25,69-80U,35.5,2,trunk,trunk,AS,trunk_AS,19.55,0.217,0.188,,,"2,967",0.29,0.3,,,0.405,"3,557","25,323,579","181,943,734","13,568,436","24,704,336",0,0,
III-5,69-80,AS,29/7/21,D26,69-80U,37.5,0,GU,GU,AS,trunk_AS,"17,754",0.401,0.105,0.188,0.17,"2,292",,,,,0.864,"2,292","55,878,929","129,097,668","25,934,549","13,797,635","24,704,336","22,339,028",
III-5,69-80,AS,29/7/21,D27,69-80U,40,-2.5,GU,GU,AS,trunk_AS,"16,263",,,,,,,,,,0,0,0,0,0,0,0,0,une partie de la zone disfonctionnel possède un fin liseré rose
III-5,69-80,AS,29/7/21,D28,69-80U,42.5,-5,rootstock,rootstock,AS,trunk_AS,"11,299",,,,,,,,,,0,0,0,0,0,0,0,0,
III-5,69-80,AS,29/7/21,D29,69-80U,44,-6.5,rootstock,rootstock,AS,trunk_AS,9.95,,,,,,,,,,0,0,0,0,0,0,0,0,
III-5,69-80,AS,29/7/21,D30,69-80U,46,-8.5,rootstock,rootstock,AS,trunk_AS,"9,116",,,,,,,,,,0,0,0,0,0,0,0,0,
III-5,69-80,AS,29/7/21,D31,69-80U,47.5,-10,rootstock,rootstock,AS,trunk_AS,"9,666",0.88,,,,"1,163",,,,,0.88,"1,163","10,349,288","120,318,643","10,349,288",0,0,0,
III-5,69-80,AS,29/7/21,D32,69-80U,49,-11.5,rootstock,rootstock,AS,trunk_AS,"8,973",,,,,153,,,,,0,153,0,"17,051,153",0,0,0,0,
III-5,69-80,AS,29/7/21,D33,69-80U,51.5,-14,rootstock,rootstock,AS,trunk_AS,"9,589",,,,,,,,,,0,0,0,0,0,0,0,0,
III-5,69-81,ES2/4,29/7/21,D00,69-81D,0,32,arm,D_arm,S,arm_S,"9,455","1,066",,,,,,,,,1066,0,"11,274,458",0,"11,274,458",0,0,0,
III-5,69-81,ES2/4,29/7/21,D01,69-81D,1,31,arm,D_arm,S,arm_S,"11,208",0.993,0.663,0.274,,,,,,,1.93,0,"17,219,843",0,"8,859,743","87,122,208","36,005,256",0,
III-5,69-81,ES2/4,29/7/21,D02,69-81D,4,28,arm,D_arm,S,arm_S,"10,004","2,341",,,,522,277,,,,2341,799,"254,318,305","79,868,053","254,318,305",0,0,0,
III-5,69-81,ES2/4,29/7/21,D03,69-81D,5.5,26.5,arm,D_arm,S,arm_S,"8,567","1,642",,,,1.58,,,,,1642,1.58,"235,007,872","184,428,621","235,007,872",0,0,0,
III-5,69-81,ES2/4,29/7/21,D04,69-81D,7.5,24.5,arm,D_arm,S,arm_S,"11,187","1,223",,,,1.39,"1,631",,,,1223,"3,021","149,767,328","270,045,589","149,767,328",0,0,0,
III-5,69-81,ES2/4,29/7/21,D05,69-81D,9.5,22.5,arm,D_arm,S,arm_S,"8,157","1,424",,,,,,,,,1424,0,"174,573,986",0,"174,573,986",0,0,0,
III-5,69-81,ES2/4,29/7/21,D06,69-81D,11.5,20.5,arm,D_arm,S,arm_S,7.15,"1,335",,,,,,,,,1335,0,"186,713,287",0,"186,713,287",0,0,0,
III-5,69-81,ES2/4,29/7/21,D07,69-81D,13.5,18.5,transition,transition,transition,transition,7.91,"1,821",,,,,,,,,1821,0,"230,214,918",0,"230,214,918",0,0,0,"très legé liseré rose en bordure, tout le reste de la coupe est disfonctionnel"
III-5,69-81,ES2/4,29/7/21,D08,69-81D,15.5,16.5,transition,transition,transition,transition,"7,363","1,423",0.724,,,,,,,,1423.724,0,"291,593,101",0,"193,263,615","95,137,976",0,0,
III-5,69-81,ES2/4,29/7/21,D09,69-81D,17.5,14.5,trunk,trunk,S,trunk_S,"8,052","3,754",,,,,,,,,3754,0,"466,219,573",0,"466,219,573",0,0,0,
III-5,69-81,ES2/4,29/7/21,D10,69-81D,19,13,trunk,trunk,S,trunk_S,"8,137","3,725",,,,,,,,,3725,0,"457,785,425",0,"457,785,425",0,0,0,coloration rose  très peu large et intense
III-5,69-81,ES2/4,29/7/21,D11,69-81D,21.5,10.5,trunk,trunk,S,trunk_S,"8,242","3,336",,,,,,,,,3336,0,"404,756,127",0,"404,756,127",0,0,0,
III-5,69-81,ES2/4,29/7/21,D12,69-81D,23.5,8.5,trunk,trunk,S,trunk_S,8.93,"3,187",,,,,,,,,3187,0,"356,886,898",0,"356,886,898",0,0,0,la troisième zone est peut etre une nécrose
III-5,69-81,ES2/4,29/7/21,D13,69-81D,25.5,6.5,trunk,trunk,S,trunk_S,"8,307","3,485",,,,,,,,,3485,0,"419,525,701",0,"419,525,701",0,0,0,
III-5,69-81,ES2/4,29/7/21,D14,69-81D,27.5,4.5,trunk,trunk,S,trunk_S,"9,497","4,077",,,,352,,,,,4077,352,"445,817,387","37,064,336","445,817,387",0,0,0,
III-5,69-81,ES2/4,29/7/21,D15,69-81D,29.5,2.5,trunk,trunk,S,trunk_S,"9,172","4,215",,,,,,,,,4215,0,"459,550,807",0,"459,550,807",0,0,0,
III-5,69-81,ES2/4,29/7/21,D16,69-81D,32,0,GU,GU,S,trunk_S,"10,439","5,269",,,,,,,,,5269,0,"504,741,834",0,"504,741,834",0,0,0,
III-5,69-81,ES2/4,29/7/21,D17,69-81D,34,-2,GU,GU,S,trunk_S,"17,292","8,237",,,,"3,647",,,,,8237,"3,647","603,664,346","210,906,778","603,664,346",0,0,0,
III-5,69-81,ES2/4,29/7/21,D18,69-81D,35.5,-3.5,GU,GU,S,trunk_S,"17,052","10,041",,,,535,,,,,10041,535,"607,919,114","31,374,619","607,919,114",0,0,0,
III-5,69-81,ES2/4,29/7/21,D19,69-81D,37.5,-5.5,rootstock,rootstock,S,trunk_S,"14,403","5,690",,,,959,,,,,5690,959,"423,237,132","66,583,351","423,237,132",0,0,0,
III-5,69-81,ES2/4,29/7/21,D20,69-81D,39,-7,rootstock,rootstock,S,trunk_S,"9,555","3,868",,,,,,,,,3868,0,"404,814,233",0,"404,814,233",0,0,0,deux bras entiers sont présent sur la coupe. Seul le bras principale a été mesuré.
III-5,69-81,ES2/4,29/7/21,D21,69-81D,41,-9,rootstock,rootstock,S,trunk_S,"8,411","2,633",,,,,,,,,2633,0,"313,042,444",0,"313,042,444",0,0,0,la coupe se trouve à l ajonction des deux bras. Les deux bras on été mesuré comme un seul. Il est possible de les diférencier
III-5,69-81,ES2/4,29/7/21,D22,69-81D,43,-11,rootstock,rootstock,S,trunk_S,"8,148","1,782",,,,,,,,,1782,0,"218,703,976",0,"218,703,976",0,0,0,
III-5,69-81,ES2/4,29/7/21,D23,69-81D,44.5,-12.5,rootstock,rootstock,S,trunk_S,"7,984","1,538",,,,,,,,,1538,0,"192,635,271",0,"192,635,271",0,0,0,
III-5,69-81,ES2/4,29/7/21,D24,69-81D,46.5,-14.5,rootstock,rootstock,S,trunk_S,"8,624","1,561",,,,,,,,,1561,0,"181,006,494",0,"181,006,494",0,0,0,
III-5,69-81,ES2/4,29/7/21,D25,69-81D,48.5,-16.5,rootstock,rootstock,S,trunk_S,"8,365","1,323",,,,,,,,,1323,0,"158,158,996",0,"158,158,996",0,0,0,
III-5,69-81,ES2/4,29/7/21,D26,69-81D,50,-18,rootstock,rootstock,S,trunk_S,"7,815",0.699,,,,,,,,,0.699,0,"89,443,378",0,"89,443,378",0,0,0,
III-5,69-81,ES2/4,29/7/21,D27,69-81D,52,-20,rootstock,rootstock,S,trunk_S,7.56,0.543,,,,,,,,,0.543,0,"71,825,397",0,"71,825,397",0,0,0,
III-5,69-81,ES2/4,29/7/21,D28,69-81D,54,-22,rootstock,rootstock,S,trunk_S,"7,578",0.592,,,,,,,,,0.592,0,"78,120,876",0,"78,120,876",0,0,0,
III-5,69-81,ES2/4,29/7/21,D29,69-81D,56,-24,rootstock,rootstock,S,trunk_S,"7,189",0.667,,,,,,,,,0.667,0,"92,780,637",0,"92,780,637",0,0,0,grosse necrose
III-5,69-81,ES2/4,29/7/21,D30,69-81D,57.5,-25.5,rootstock,rootstock,S,trunk_S,"7,052",0.672,,,,,,,,,0.672,0,"95,292,116",0,"95,292,116",0,0,0,grosse necrose
III-5,69-81,ES2/4,29/7/21,D31,69-81D,59,-27,rootstock,rootstock,S,trunk_S,"7,032",0.207,,,,,,,,,0.207,0,"2,943,686",0,"2,943,686",0,0,0,grosse necrose
III-5,69-81,ES2/4,29/7/21,U1,69-81U,1,27.5,arm,U_arm,S,arm_S,"6,345","3,357",0.629,,,,,,,,3357.629,0,"62,821,119",0,"529,078,014","82,654,402",0,0,
III-5,69-81,ES2/4,29/7/21,U2,69-81U,3.5,25,arm,U_arm,S,arm_S,"8,872","4,482",0.266,0.315,,,,,,,4482.581,0,"570,671,776",0,"505,184,851","34,954,008","41,392,904",0,
III-5,69-81,ES2/4,29/7/21,U3,69-81U,5.5,23,arm,U_arm,S,arm_S,"6,073","3,828",0.99,0.136,,,,,,,3829.126,0,"66,902,684",0,"630,330,973","13,009,198","17,871,222",0,
III-5,69-81,ES2/4,29/7/21,U4,69-81U,8,20.5,arm,U_arm,S,arm_S,"6,638","3,252",0.177,,,,,,,,3252.177,0,"516,571,256",0,"489,906,598","2,325,887",0,0,
III-5,69-81,ES2/4,29/7/21,D07,69-81U,10,18.5,transition,transition,transition,transition,7.91,"1,821",,,,,,,,,1821,0,"230,214,918",0,"230,214,918",0,0,0,
III-5,69-81,ES2/4,29/7/21,D08,69-81U,12,16.5,transition,transition,transition,transition,"7,363","1,423",0.724,,,,,,,,1423.724,0,"291,593,101",0,"193,263,615","95,137,976",0,0,
III-5,69-81,ES2/4,29/7/21,D09,69-81U,13.5,15,trunk,trunk,S,trunk_S,"8,052","3,754",,,,,,,,,3754,0,"466,219,573",0,"466,219,573",0,0,0,
III-5,69-81,ES2/4,29/7/21,D10,69-81U,16,12.5,trunk,trunk,S,trunk_S,"8,137","3,725",,,,,,,,,3725,0,"457,785,425",0,"457,785,425",0,0,0,
III-5,69-81,ES2/4,29/7/21,D11,69-81U,18,10.5,trunk,trunk,S,trunk_S,"8,242","3,336",,,,,,,,,3336,0,"404,756,127",0,"404,756,127",0,0,0,
III-5,69-81,ES2/4,29/7/21,D12,69-81U,20,8.5,trunk,trunk,S,trunk_S,8.93,"3,187",,,,,,,,,3187,0,"356,886,898",0,"356,886,898",0,0,0,
III-5,69-81,ES2/4,29/7/21,D13,69-81U,22,6.5,trunk,trunk,S,trunk_S,"8,307","3,485",,,,,,,,,3485,0,"419,525,701",0,"419,525,701",0,0,0,
III-5,69-81,ES2/4,29/7/21,D14,69-81U,24,4.5,trunk,trunk,S,trunk_S,"9,497","4,077",,,,352,,,,,4077,352,"445,817,387","37,064,336","445,817,387",0,0,0,
III-5,69-81,ES2/4,29/7/21,D15,69-81U,26.5,2,trunk,trunk,S,trunk_S,"9,172","4,215",,,,,,,,,4215,0,"459,550,807",0,"459,550,807",0,0,0,"3 rameaux sont présent sur la photo D0. chaque tige a été mesurée sur une ligne différente. Attention les lignes ont donc le même nom, peut etre faut il les différencier"
III-5,69-81,ES2/4,29/7/21,D16,69-81U,28.5,0,GU,GU,S,trunk_S,"10,439","5,269",,,,,,,,,5269,0,"504,741,834",0,"504,741,834",0,0,0,
III-5,69-81,ES2/4,29/7/21,D17,69-81U,30,-1.5,GU,GU,S,trunk_S,"17,292","8,237",,,,"3,647",,,,,8237,"3,647","603,664,346","210,906,778","603,664,346",0,0,0,
III-5,69-81,ES2/4,29/7/21,D18,69-81U,32,-3.5,GU,GU,S,trunk_S,"17,052","10,041",,,,535,,,,,10041,535,"607,919,114","31,374,619","607,919,114",0,0,0,
III-5,69-81,ES2/4,29/7/21,D19,69-81U,33.5,-5,rootstock,rootstock,S,trunk_S,"14,403","5,690",,,,959,,,,,5690,959,"423,237,132","66,583,351","423,237,132",0,0,0,
III-5,69-81,ES2/4,29/7/21,D20,69-81U,35.5,-7,rootstock,rootstock,S,trunk_S,"9,555","3,868",,,,,,,,,3868,0,"404,814,233",0,"404,814,233",0,0,0,
III-5,69-81,ES2/4,29/7/21,D21,69-81U,37.5,-9,rootstock,rootstock,S,trunk_S,"8,411","2,633",,,,,,,,,2633,0,"313,042,444",0,"313,042,444",0,0,0,une tige de l'année est visible sur la photo mais elle n'a pas été prise en compte
III-5,69-81,ES2/4,29/7/21,D22,69-81U,39,-10.5,rootstock,rootstock,S,trunk_S,"8,148","1,782",,,,,,,,,1782,0,"218,703,976",0,"218,703,976",0,0,0,
III-5,69-81,ES2/4,29/7/21,D23,69-81U,41,-12.5,rootstock,rootstock,S,trunk_S,"7,984","1,538",,,,,,,,,1538,0,"192,635,271",0,"192,635,271",0,0,0,
III-5,69-81,ES2/4,29/7/21,D24,69-81U,43,-14.5,rootstock,rootstock,S,trunk_S,"8,624","1,561",,,,,,,,,1561,0,"181,006,494",0,"181,006,494",0,0,0,
III-5,69-81,ES2/4,29/7/21,D25,69-81U,44.5,-16,rootstock,rootstock,S,trunk_S,"8,365","1,323",,,,,,,,,1323,0,"158,158,996",0,"158,158,996",0,0,0,
III-5,69-81,ES2/4,29/7/21,D26,69-81U,46.5,-18,rootstock,rootstock,S,trunk_S,"7,815",0.699,,,,,,,,,0.699,0,"89,443,378",0,"89,443,378",0,0,0,
III-5,69-81,ES2/4,29/7/21,D27,69-81U,48.5,-20,rootstock,rootstock,S,trunk_S,7.56,0.543,,,,,,,,,0.543,0,"71,825,397",0,"71,825,397",0,0,0,
III-5,69-81,ES2/4,29/7/21,D28,69-81U,50.5,-22,rootstock,rootstock,S,trunk_S,"7,578",0.592,,,,,,,,,0.592,0,"78,120,876",0,"78,120,876",0,0,0,"COUPE A REVOIR/ JONCTION DES DEUX  BRAS ET LA COUPE N'ES PAS ENTIERE, exclure de l'analyse"
III-5,69-81,ES2/4,29/7/21,D29,69-81U,52,-23.5,rootstock,rootstock,S,trunk_S,"7,189",0.667,,,,,,,,,0.667,0,"92,780,637",0,"92,780,637",0,0,0,"COUPE A REVOIR/ JONCTION DES DEUX  BRAS ET LA COUPE N'ES PAS ENTIERE, exclure de l'analyse"
III-5,69-81,ES2/4,29/7/21,D30,69-81U,53.5,-25,rootstock,rootstock,S,trunk_S,"7,052",0.672,,,,,,,,,0.672,0,"95,292,116",0,"95,292,116",0,0,0,
III-5,69-81,ES2/4,29/7/21,D31,69-81U,55,-26.5,rootstock,rootstock,S,trunk_S,"7,032",0.207,,,,,,,,,0.207,0,"2,943,686",0,"2,943,686",0,0,0,
III-5,71-55,ES1,28/7/21,D00,71-55D,0,41.5,arm,D_arm,S,arm_S,"5,368",0.3357,,,,626,,,,,0.3357,626,0,"11,661,699",0,0,0,0,
III-5,71-55,ES1,28/7/21,D01,71-55D,1,40.5,arm,D_arm,S,arm_S,"7,752",0.47,0.529,,,,,,,,0.999,0,"128,869,969",0,"60,629,515","69,513,798",0,0,
III-5,71-55,ES1,28/7/21,D02,71-55D,3,38.5,arm,D_arm,S,arm_S,"9,886","2,023",0.106,,,365,635,,,,2023.106,1,"239,590,367","101,153,146","22,766,149","13,929,041",0,0,
III-5,71-55,ES1,28/7/21,D03,71-55D,4.5,37,arm,D_arm,S,arm_S,"6,942",0.667,,,,,,,,,0.667,0,"96,081,821",0,"96,081,821",0,0,0,
III-5,71-55,ES1,28/7/21,D04,71-55D,6.5,35,arm,D_arm,S,arm_S,"6,311",0.618,0.79,,,,,,,,1.408,0,"110,442,085",0,"97,924,259","10,381,078",0,0,
III-5,71-55,ES1,28/7/21,D05,71-55D,8.5,33,arm,D_arm,S,arm_S,"6,391",0.715,,,,,,,,,0.715,0,"111,876,076",0,"111,876,076",0,0,0,
III-5,71-55,ES1,28/7/21,D06,71-55D,10.5,31,arm,D_arm,S,arm_S,"7,605","1,421",,,,475,,,,,1421,475,"199,298,738","62,458,909","199,298,738",0,0,0,
III-5,71-55,ES1,28/7/21,D07,71-55D,13,28.5,arm,D_arm,S,arm_S,"6,364",0.553,,,,,,,,,0.553,0,"86,895,035",0,"86,895,035",0,0,0,
III-5,71-55,ES1,28/7/21,D08,71-55D,14,27.5,arm,D_arm,S,arm_S,"6,968",0.546,,,,,,,,,0.546,0,"78,358,209",0,"78,358,209",0,0,0,
III-5,71-55,ES1,28/7/21,D09,71-55D,16.5,25,transition,transition,transition,transition,"6,546",0.547,,,,,,,,,0.547,0,"83,562,481",0,"83,562,481",0,0,0,
III-5,71-55,ES1,28/7/21,D10,71-55D,18.5,23,transition,transition,transition,transition,"10,344",0.833,,,,329,531,,,,0.833,0.86,"87,832,138","83,139,985","87,832,138",0,0,0,
III-5,71-55,ES1,28/7/21,D11,71-55D,20.5,21,trunk,trunk,S,trunk_S,"11,329",0.908,,,,893,,,,,0.908,893,"87,006,516","78,824,256","87,006,516",0,0,0,
III-5,71-55,ES1,28/7/21,D12,71-55D,22.5,19,trunk,trunk,S,trunk_S,"8,578",0.433,,,,,,,,,0.433,0,"50,477,967",0,"50,477,967",0,0,0,
III-5,71-55,ES1,28/7/21,D13,71-55D,24.5,17,trunk,trunk,S,trunk_S,"8,216",0.34,,,,,,,,,0.34,0,"41,382,668",0,"41,382,668",0,0,0,
III-5,71-55,ES1,28/7/21,D14,71-55D,26,15.5,trunk,trunk,S,trunk_S,"8,832",0.412,,,,"1,806",,,,,0.412,"1,806","5,863,934","204,483,696","5,863,934",0,0,0,
III-5,71-55,ES1,28/7/21,D15,71-55D,28.5,13,trunk,trunk,S,trunk_S,"8,737",0.46,,,,"2,082",,,,,0.46,"2,082","69,120,962","238,296,898","69,120,962",0,0,0,
III-5,71-55,ES1,28/7/21,D16,71-55D,30,11.5,trunk,trunk,S,trunk_S,"9,813",0.454,,,,"2,166",,,,,0.454,"2,166","59,369,687","220,727,606","59,369,687",0,0,0,
III-5,71-55,ES1,28/7/21,D17,71-55D,32,9.5,trunk,trunk,S,trunk_S,"15,959",0.789,,,,"7,311",643,,,,0.789,"7,954","98,563,398","498,402,156","98,563,398",0,0,0,
III-5,71-55,ES1,28/7/21,D18,71-55D,33.5,8,trunk,trunk,S,trunk_S,"13,823",0.777,,,,"5,667",,,,,0.777,"5,667","95,267,288","409,968,892","95,267,288",0,0,0,
III-5,71-55,ES1,28/7/21,D19,71-55D,35.5,6,trunk,trunk,S,trunk_S,"13,694",0.557,,,,"5,091",,,,,0.557,"5,091","64,744,856","371,768,658","64,744,856",0,0,0,
III-5,71-55,ES1,28/7/21,D20,71-55D,37,4.5,trunk,trunk,S,trunk_S,"12,503",0.67,,,,"3,583",,,,,0.67,"3,583","75,112,108","286,571,223","75,112,108",0,0,0,
III-5,71-55,ES1,28/7/21,D21,71-55D,38.5,3,trunk,trunk,S,trunk_S,"11,617",0.584,,,,"3,441",,,,,0.584,"3,441","71,428,571","296,203,839","71,428,571",0,0,0,
III-5,71-55,ES1,28/7/21,D22,71-55D,40,1.5,trunk,trunk,S,trunk_S,"13,458",0.449,,,,"2,766",,,,,0.449,"2,766","41,994,014","20,552,831","41,994,014",0,0,0,
III-5,71-55,ES1,28/7/21,D23,71-55D,41.5,0,GU,GU,S,trunk_S,"16,665",0.732,,,,"2,562","3,863",,,,0.732,"6,425","71,484,375","385,538,554","71,484,375",0,0,0,
III-5,71-55,ES1,28/7/21,D24,71-55D,42,-0.5,GU,GU,S,trunk_S,"16,497",0.92,,,,"1,396",,,,,0.92,"1,396","60,923,118","84,621,446","60,923,118",0,0,0,
III-5,71-55,ES1,28/7/21,D25,71-55D,43.5,-2,GU,GU,S,trunk_S,15.81,0.345,,,,"1,696",,,,,0.345,"1,696","24,443,815","107,273,877","24,443,815",0,0,0,
III-5,71-55,ES1,28/7/21,D26,71-55D,45.5,-4,GU,GU,S,trunk_S,"11,967",0.299,,,,"3,228",,,,,0.299,"3,228","34,214,441","26,974,179","34,214,441",0,0,0,
III-5,71-55,ES1,28/7/21,D27,71-55D,48,-6.5,GU,GU,S,trunk_S,"9,429",0.181,,,,"2,363",,,,,0.181,"2,363","25,615,624","250,609,821","25,615,624",0,0,0,
III-5,71-55,ES1,28/7/21,D28,71-55D,50.5,-9,rootstock,rootstock,S,trunk_S,9.04,,,,,"2,349",,,,,0,"2,349",0,"259,845,133",0,0,0,0,
III-5,71-55,ES1,28/7/21,D29,71-55D,52,-10.5,rootstock,rootstock,S,trunk_S,"9,358",,,,,"1,967",,,,,0,"1,967",0,"210,194,486",0,0,0,0,
III-5,71-55,ES1,28/7/21,D30,71-55D,54,-12.5,rootstock,rootstock,S,trunk_S,10.12,,,,,"2,222",,,,,0,"2,222",0,"219,565,217",0,0,0,0,
III-5,71-55,ES1,28/7/21,D31,71-55D,55.5,-14,rootstock,rootstock,S,trunk_S,"9,103",,,,,1.01,,,,,0,1.01,0,"110,952,433",0,0,0,0,
III-5,71-55,ES1,28/7/21,D32,71-55D,57.5,-16,rootstock,rootstock,S,trunk_S,"8,392",,,,,,,,,,0,0,0,0,0,0,0,0,
III-5,72-90,ES3,28/7/21,U00,72-90U,0,35.5,arm,U_arm,S,arm_S,"5,048","2,023",0.108,,,,,,,,2023.108,0,"422,147,385",0,"400,752,773","14,191,853",0,0,
III-5,72-90,ES3,28/7/21,U01,72-90U,1,34.5,arm,U_arm,S,arm_S,7.61,"1,950",,,,613,,,,,1950,613,"278,690,868","80,551,905","278,690,868",0,0,0,
III-5,72-90,ES3,28/7/21,U02,72-90U,4,31.5,arm,U_arm,S,arm_S,"5,729","1,405",,,,,,,,,1405,0,"245,243,498",0,"245,243,498",0,0,0,
III-5,72-90,ES3,28/7/21,U03,72-90U,5.5,30,arm,U_arm,S,arm_S,"7,162","1,641",,,,191,,,,,1641,191,"235,403,816","26,668,528","235,403,816",0,0,0,
III-5,72-90,ES3,28/7/21,U04,72-90U,7.5,28,arm,U_arm,S,arm_S,"8,717","2,394",0.72,,,334,,,,,2394.72,334,"294,166,766","38,315,934","285,577,955","9,461,235",0,0,
III-5,72-90,ES3,28/7/21,U05,72-90U,9.5,26,arm,U_arm,S,arm_S,"6,383","1,965",,,,,,,,,1965,0,"307,848,974",0,"307,848,974",0,0,0,
III-5,72-90,ES3,28/7/21,U06,72-90U,11.5,24,arm,U_arm,S,arm_S,"6,159","1,724",,,,,,,,,1724,0,"279,915,571",0,"279,915,571",0,0,0,
III-5,72-90,ES3,28/7/21,U07,72-90U,13.5,22,transition,transition,transition,transition,,,,,,,,,,,0,0,NA,NA,NA,0,0,0,
III-5,72-90,ES3,28/7/21,U08,72-90U,15.5,20,transition,transition,transition,transition,"10,443","1,931",,,,735,,,,,1931,735,"198,908,117","70,382,074","198,908,117",0,0,0,
III-5,72-90,ES3,28/7/21,U09,72-90U,17.5,18,trunk,trunk,S,trunk_S,"9,097","2,129",,,,413,,,,,2129,413,"245,163,519","45,399,582","245,163,519",0,0,0,
III-5,72-90,ES3,28/7/21,U10,72-90U,19,16.5,trunk,trunk,S,trunk_S,"8,526","2,012",0.111,,,,,,,,2012.111,0,"249,003,049",0,"235,984,049","14,586,071",0,0,
III-5,72-90,ES3,28/7/21,U11,72-90U,21.5,14,trunk,trunk,S,trunk_S,"10,001","3,080",,,,1.3,,,,,3080,1.3,"353,982,301","129,987,001","353,982,301",0,0,0,
III-5,72-90,ES3,28/7/21,U12,72-90U,23.5,12,trunk,trunk,S,trunk_S,"7,895","1,589",,,,,,,,,1589,0,"201,266,624",0,"201,266,624",0,0,0,
III-5,72-90,ES3,28/7/21,U13,72-90U,25.5,10,trunk,trunk,S,trunk_S,7.71,"1,659",,,,,,,,,1659,0,"215,175,097",0,"215,175,097",0,0,0,
III-5,72-90,ES3,28/7/21,U14,72-90U,27.5,8,trunk,trunk,S,trunk_S,8.73,"1,909",,,,,,,,,1909,0,"218,671,249",0,"218,671,249",0,0,0,
III-5,72-90,ES3,28/7/21,U15,72-90U,29.5,6,trunk,trunk,S,trunk_S,"7,791","1,755",,,,,,,,,1755,0,"225,259,915",0,"225,259,915",0,0,0,
III-5,72-90,ES3,28/7/21,U16,72-90U,32,3.5,trunk,trunk,S,trunk_S,"7,749","1,942",,,,,,,,,1942,0,"250,612,982",0,"250,612,982",0,0,0,
III-5,72-90,ES3,28/7/21,U17,72-90U,34,1.5,trunk,trunk,S,trunk_S,"8,681","2,347",,,,,,,,,2347,0,"270,360,558",0,"270,360,558",0,0,0,
III-5,72-90,ES3,28/7/21,U18,72-90U,35.5,0,GU,GU,S,trunk_S,"8,186","1,725",,,,,,,,,1725,0,"210,725,629",0,"210,725,629",0,0,0,
III-5,72-90,ES3,28/7/21,U19,72-90U,37.5,-2,GU,GU,S,trunk_S,"10,619","1,521",,,,669,,,,,1521,669,"152,864,322","63,000,283","152,864,322",0,0,0,
III-5,72-90,ES3,28/7/21,U20,72-90U,39,-3.5,GU,GU,S,trunk_S,"13,688","3,380",,,,"1,096",,,,,3380,"1,096","268,424,396","80,070,134","268,424,396",0,0,0,
III-5,72-90,ES3,28/7/21,U21,72-90U,41,-5.5,rootstock,rootstock,S,trunk_S,"13,526","2,992",0.136,,,,,,,,2992.136,0,"231,258,317",0,"221,203,608","17,871,222",0,0,
III-5,72-90,ES3,28/7/21,U22,72-90U,43,-7.5,rootstock,rootstock,S,trunk_S,"10,688","1,175",0.107,0.145,,,,,,,1175.252,0,"133,514,222",0,"109,936,377","14,060,447","19,053,876",0,
III-5,72-90,ES3,28/7/21,U23,72-90U,44.5,-9,rootstock,rootstock,S,trunk_S,"7,509",0.673,,,,165,,,,,0.673,165,"91,639,434","21,973,632","91,639,434",0,0,0,
III-5,72-90,ES3,28/7/21,U24,72-90U,46.5,-11,rootstock,rootstock,S,trunk_S,8.24,"1,141",,,,475,,,,,1141,475,"146,941,404","57,645,631","146,941,404",0,0,0,
III-5,72-90,ES3,28/7/21,U25,72-90U,48.5,-13,rootstock,rootstock,S,trunk_S,"7,841",,,,,995,,,,,0,995,0,"126,897,079",0,0,0,0,
III-5,72-90,ES3,28/7/21,U26,72-90U,50,-14.5,rootstock,rootstock,S,trunk_S,"7,092",0.405,,,,681,,,,,0.405,681,"63,172,672","96,023,689","63,172,672",0,0,0,
III-5,72-90,ES3,28/7/21,U27,72-90U,52,-16.5,rootstock,rootstock,S,trunk_S,"6,927",0.216,0.361,,,,,,,,0.577,0,"83,297,243",0,"3,118,233","47,437,582",0,0,
III-5,72-90,ES3,28/7/21,U28,72-90U,54,-18.5,rootstock,rootstock,S,trunk_S,"7,288",,,,,526,,,,,0,526,0,"72,173,436",0,0,0,0,
III-5,72-90,ES3,28/7/21,U29,72-90U,56,-20.5,rootstock,rootstock,S,trunk_S,"6,453",,,,,433,,,,,0,433,0,"67,100,573",0,0,0,0,
III-5,72-90,ES3,28/7/21,U30,72-90U,57.5,-22,rootstock,rootstock,S,trunk_S,"6,734",,,,,568,,,,,0,568,0,"84,348,084",0,0,0,0,
III-5,72-90,ES3,28/7/21,D0,72-90D,0,33.5,arm,D_arm,AS,arm_AS,"4,724",,,,,267,,,,,0,267,0,"56,519,898",0,0,0,0,
III-5,72-90,ES3,28/7/21,D1,72-90D,1,32.5,arm,D_arm,AS,arm_AS,"5,678",,,,,,,,,,0,0,0,0,0,0,0,0,
III-5,72-90,ES3,28/7/21,D2,72-90D,3.5,30,arm,D_arm,AS,arm_AS,"4,481",,,,,,,,,,0,0,0,0,0,0,0,0,
III-5,72-90,ES3,28/7/21,D3,72-90D,5.5,28,arm,D_arm,AS,arm_AS,"4,123",,,,,,,,,,0,0,0,0,0,0,0,0,
III-5,72-90,ES3,28/7/21,D4,72-90D,8,25.5,arm,D_arm,AS,arm_AS,"5,219",,,,,628,,,,,0,628,0,"120,329,565",0,0,0,0,
III-5,72-90,ES3,28/7/21,D5,72-90D,9.5,24,arm,D_arm,AS,arm_AS,"4,716",,,,,,,,,,0,0,0,0,0,0,0,0,
III-5,72-90,ES3,28/7/21,U07,72-90D,11.5,22,transition,transition,AS,transition,,,,,,,,,,,0,0,NA,NA,NA,0,0,0,
III-5,72-90,ES3,28/7/21,U08,72-90D,13.5,20,transition,transition,AS,transition,"10,443",,,,,735,,,,,0,735,"198,908,117","70,382,074","198,908,117",0,0,0,
III-5,72-90,ES3,28/7/21,U09,72-90D,15,18.5,trunk,trunk,AS,trunk_S,"9,097",,,,,413,,,,,0,413,"245,163,519","45,399,582","245,163,519",0,0,0,
III-5,72-90,ES3,28/7/21,U10,72-90D,17.5,16,trunk,trunk,AS,trunk_S,"8,526",,0.111,,,,,,,,0.111,0,"249,003,049",0,"235,984,049","14,586,071",0,0,
III-5,72-90,ES3,28/7/21,U11,72-90D,19.5,14,trunk,trunk,AS,trunk_S,"10,001",,,,,1.3,,,,,0,1.3,"353,982,301","129,987,001","353,982,301",0,0,0,
III-5,72-90,ES3,28/7/21,U12,72-90D,21.5,12,trunk,trunk,AS,trunk_S,"7,895",,,,,,,,,,0,0,"201,266,624",0,"201,266,624",0,0,0,
III-5,72-90,ES3,28/7/21,U13,72-90D,23.5,10,trunk,trunk,AS,trunk_S,7.71,,,,,,,,,,0,0,"215,175,097",0,"215,175,097",0,0,0,
III-5,72-90,ES3,28/7/21,U14,72-90D,25.5,8,trunk,trunk,AS,trunk_S,8.73,,,,,,,,,,0,0,"218,671,249",0,"218,671,249",0,0,0,
III-5,72-90,ES3,28/7/21,U15,72-90D,28,5.5,trunk,trunk,AS,trunk_S,"7,791",,,,,,,,,,0,0,"225,259,915",0,"225,259,915",0,0,0,
III-5,72-90,ES3,28/7/21,U16,72-90D,30,3.5,trunk,trunk,AS,trunk_S,"7,749",,,,,,,,,,0,0,"250,612,982",0,"250,612,982",0,0,0,
III-5,72-90,ES3,28/7/21,U17,72-90D,31.5,2,trunk,trunk,AS,trunk_S,"8,681",,,,,,,,,,0,0,"270,360,558",0,"270,360,558",0,0,0,
III-5,72-90,ES3,28/7/21,U18,72-90D,33.5,0,GU,GU,AS,trunk_S,"8,186",,,,,,,,,,0,0,"210,725,629",0,"210,725,629",0,0,0,
III-5,72-90,ES3,28/7/21,U19,72-90D,35,-1.5,GU,GU,AS,trunk_S,"10,619",,,,,669,,,,,0,669,"152,864,322","63,000,283","152,864,322",0,0,0,
III-5,72-90,ES3,28/7/21,U20,72-90D,37,-3.5,GU,GU,AS,trunk_S,"13,688",,,,,"1,096",,,,,0,"1,096","268,424,396","80,070,134","268,424,396",0,0,0,
III-5,72-90,ES3,28/7/21,U21,72-90D,39,-5.5,rootstock,rootstock,AS,trunk_S,"13,526",,0.136,,,,,,,,0.136,0,"231,258,317",0,"221,203,608","17,871,222",0,0,
III-5,72-90,ES3,28/7/21,U22,72-90D,40.5,-7,rootstock,rootstock,AS,trunk_S,"10,688",,0.107,0.145,,,,,,,0.252,0,"133,514,222",0,"109,936,377","14,060,447","19,053,876",0,
III-5,72-90,ES3,28/7/21,U23,72-90D,42.5,-9,rootstock,rootstock,AS,trunk_S,"7,509",,,,,165,,,,,0,165,"91,639,434","21,973,632","91,639,434",0,0,0,
III-5,72-90,ES3,28/7/21,U24,72-90D,44.5,-11,rootstock,rootstock,AS,trunk_S,8.24,,,,,475,,,,,0,475,"146,941,404","57,645,631","146,941,404",0,0,0,
III-5,72-90,ES3,28/7/21,U25,72-90D,46,-12.5,rootstock,rootstock,AS,trunk_S,"7,841",,,,,995,,,,,0,995,0,"126,897,079",0,0,0,0,
III-5,72-90,ES3,28/7/21,U26,72-90D,48,-14.5,rootstock,rootstock,AS,trunk_S,"7,092",,,,,681,,,,,0,681,"63,172,672","96,023,689","63,172,672",0,0,0,
III-5,72-90,ES3,28/7/21,U27,72-90D,50,-16.5,rootstock,rootstock,AS,trunk_S,"6,927",,0.361,,,,,,,,0.361,0,"83,297,243",0,"3,118,233","47,437,582",0,0,
III-5,72-90,ES3,28/7/21,U28,72-90D,52,-18.5,rootstock,rootstock,AS,trunk_S,"7,288",,,,,526,,,,,0,526,0,"72,173,436",0,0,0,0,
III-5,72-90,ES3,28/7/21,U29,72-90D,53.5,-20,rootstock,rootstock,AS,trunk_S,"6,453",,,,,433,,,,,0,433,0,"67,100,573",0,0,0,0,
III-5,72-90,ES3,28/7/21,U30,72-90D,55,-21.5,rootstock,rootstock,AS,trunk_S,"6,734",,,,,568,,,,,0,568,0,"84,348,084",0,0,0,0,
III-6,32-2,ES2,22/7/21,D02,32-2D,2,39,arm,D_arm,S,,"14,008","2,271",0.448,0.152,,"4,132",,,,,2271.6,"4,132","290,704,739","2,949,743","229,951,397","58,869,908","19,973,719",0,
III-6,32-2,ES2,22/7/21,D03,32-2D,2,37,arm,D_arm,S,,"13,744","2,864",0.446,,,"4,999",,,,,2864.446,"4,999","378,502,001","363,722,352","327,501,429","58,607,096",0,0,
III-6,32-2,ES2,22/7/21,D04,32-2D,3,36,arm,D_arm,S,,"12,723","1,637",0.513,,,"4,596",,,,,1637.513,"4,596","264,550,265","361,235,558","201,427,341","67,411,301",0,0,
III-6,32-2,ES2,22/7/21,D05,32-2D,4,35,arm,D_arm,S,,"14,686","2,939",0.897,,,4.52,,,,,2939.897,4.52,"377,336,219","307,776,113","289,100,925","117,871,222",0,0,
III-6,32-2,ES2,22/7/21,D06,32-2D,6,33,arm,D_arm,S,,"18,181","2,230","1,180",,,"6,601","3,172",,,,3410,"9,773","405,566,127","537,539,189","265,223,597","155,059,133",0,0,
III-6,32-2,ES2,22/7/21,D07,32-2D,8,31,arm,D_arm,S,,17.66,0.536,"1,412",0.126,,"5,743",358,,,,1412.662,"6,101","179,427,286","345,469,989","46,370,793","185,545,335","16,557,162",0,
III-6,32-2,ES2,22/7/21,D08,32-2D,10,29,arm,D_arm,S,,"16,089","3,436","1,511",,,"5,681",,,,,4947,"5,681","475,307,456","35,309,839","330,130,669","198,554,534",0,0,
III-6,32-2,ES2,22/7/21,D09,32-2D,12,27,arm,D_arm,S,,"14,971","2,931",0.825,,,"4,014","1,847",,,,2931.825,"5,861","412,294,182","391,490,214","321,734,358","108,409,987",0,0,
III-6,32-2,ES2,22/7/21,D10,32-2D,16,23,arm,D_arm,S,,"16,042","4,068","1,042",,,"5,344",334,,,,5110,"5,678","493,052,875","353,945,892","392,512,543","136,925,099",0,0,
III-6,32-2,ES2,22/7/21,U17,32-2D,17.5,21.5,transition,transition,transition,,NA,NA,NA,,,NA,,,,,0,0,NA,NA,NA,NA,0,0,
III-6,32-2,ES2,22/7/21,U18,32-2D,19.5,19.5,transition,transition,transition,,NA,NA,NA,,,NA,,,,,0,0,NA,NA,NA,NA,0,0,
III-6,32-2,ES2,22/7/21,U19,32-2D,21.5,17.5,trunk,trunk,S,,"21,265","2,962","2,106","2,978",,,,,,,8046,0,"378,368,211",0,"139,289,913","27,674,113","391,327,201",0,
III-6,32-2,ES2,22/7/21,U20,32-2D,24.5,14.5,trunk,trunk,S,,"17,827","5,754","1,828",,,,,,,,7582,0,"425,309,923",0,"322,768,834","24,021,025",0,0,
III-6,32-2,ES2,22/7/21,U21,32-2D,26.5,12.5,trunk,trunk,S,,"17,295","5,039","1,892",,,,,,,,6931,0,"400,751,662",0,"291,355,883","248,620,237",0,0,
III-6,32-2,ES2,22/7/21,U22,32-2D,28.5,10.5,trunk,trunk,S,,"17,737","5,230","1,987",,,,,,,,7217,0,"406,889,553",0,"294,863,844","261,103,811",0,0,
III-6,32-2,ES2,22/7/21,U23,32-2D,31,8,trunk,trunk,S,,"16,476","4,898","1,689",,,,,,,,6587,0,"399,793,639",0,"297,280,893","221,944,809",0,0,
III-6,32-2,ES2,22/7/21,U24,32-2D,33.5,5.5,trunk,trunk,S,,"16,873","5,437","1,663",,,,,,,,7100,0,"420,790,612",0,"322,230,783","218,528,252",0,0,
III-6,32-2,ES2,22/7/21,U25,32-2D,35.5,3.5,trunk,trunk,S,,"18,213","4,114","1,758","1,507",,654,0.19,,,,7379,844,"424,837,354","46,340,526","236,858,771","231,011,827","198,028,909",0,
III-6,32-2,ES2,22/7/21,U26,32-2D,37.5,1.5,trunk,trunk,S,,"23,335","6,952","2,997",,,"1,561","1,516",287,,,9949,"3,364","49,817,235","144,161,131","348,104,752","393,823,916",0,0,
III-6,32-2,ES2,22/7/21,U27,32-2D,39,0,GU,GU,S,,"23,499","7,497","3,634",,,"1,801",899,415,,,11131,"3,115","546,065,542","132,558,832","367,788,462","477,529,566",0,0,
III-6,32-2,ES2,22/7/21,U28,32-2D,41,-2,GU,GU,S,,"24,196","6,147","3,087",,,,,,,,9234,0,"381,633,328",0,"254,050,256","40,565,046",0,0,
III-6,32-2,ES2,22/7/21,U29,32-2D,42,-3,rootstock,rootstock,S,,22.8,"3,916","2,520",,,,,,,,6436,0,"282,280,702",0,"171,754,386","331,143,233",0,0,
III-6,32-2,ES2,22/7/21,U30,32-2D,44,-5,rootstock,rootstock,S,,"18,456","4,193","3,429",,,0.78,,,,,7622,0.78,"431,206,155","42,262,679","237,214,302","450,591,327",0,0,
III-6,32-2,ES2,22/7/21,U31,32-2D,46.5,-7.5,rootstock,rootstock,S,,"16,607","3,045","1,177",,,874,687,0.31,283,85,4222,"2,239","293,847,439","134,822,665","211,929,287","154,664,915",0,0,
III-6,32-2,ES2,22/7/21,U32,32-2D,48.5,-9.5,rootstock,rootstock,S,,"16,825","3,027","2,119",,,722,691,,,,5146,"1,413","333,895,666","83,982,169","196,405,398","278,449,409",0,0,
III-6,32-2,ES2,22/7/21,U33,32-2D,50.5,-11.5,rootstock,rootstock,S,,"14,849","1,183","1,644",,,148,,,,,2827,148,"192,299,844","9,967,001","80,470,716","216,031,537",0,0,
III-6,32-2,ES2,22/7/21,U34,32-2D,52.5,-13.5,rootstock,rootstock,S,,"13,501",0.878,"1,047",,,,,,,,1047.878,0,"142,582,031",0,"6,503,222","137,582,129",0,0,
III-6,32-2,ES2,22/7/21,U35,32-2D,54.5,-15.5,rootstock,rootstock,S,,"13,341","1,412",0.833,,,,,,,,1412.833,0,"16,827,824",0,"105,839,142","109,461,235",0,0,
III-6,32-2,ES2,22/7/21,U3,32-2U,3,50,arm,U_arm,S,,"8,174",0.859,0.975,,,,,,,,1.834,0,"224,369,954",0,"105,089,308","128,120,894",0,0,
III-6,32-2,ES2,22/7/21,U4,32-2U,5,48,arm,U_arm,S,,"10,025","1,598","1,067",0.25,,"1,053",,,,,2665.25,"1,053","324,899,688","105,037,406","178,109,675","14,021,025","32,851,511",0,
III-6,32-2,ES2,22/7/21,U5,32-2U,7,46,arm,U_arm,S,,"12,448","2,035",0.763,0.142,0.73,"1,118",1.74,286,,,2036.635,"3,144","323,839,209","252,570,694","21,872,313","100,262,812","18,659,658","9,592,641",
III-6,32-2,ES2,22/7/21,U6,32-2U,9.5,43.5,arm,U_arm,S,,NA,NA,NA,NA,,NA,,,,,0,0,NA,NA,NA,NA,NA,0,
III-6,32-2,ES2,22/7/21,U7,32-2U,12,41,arm,U_arm,S,,"13,287","2,503",0.973,0.104,,"5,385",,,,,2504.077,"5,385",NA,NA,NA,"127,858,081","13,666,229",0,
III-6,32-2,ES2,22/7/21,U8,32-2U,14,39,arm,U_arm,S,,"14,041","1,757","1,176",,,"5,942",,,,,2933,"5,942","399,319,265","447,204,034","239,210,347","154,533,509",0,0,
III-6,32-2,ES2,22/7/21,U9,32-2U,15.5,37.5,arm,U_arm,S,,"14,791","1,464","1,286",,,"6,878",,,,,2750,"6,878","383,917,353","48,985,115","204,383,638","168,988,173",0,0,
III-6,32-2,ES2,22/7/21,U10,32-2U,17.5,35.5,arm,U_arm,S,,"14,118","1,431","1,631",,,"5,937",,,,,3062,"5,937","345,832,392","401,392,739","161,621,866","214,323,259",0,0,
III-6,32-2,ES2,22/7/21,U11,32-2U,19.5,33.5,arm,U_arm,S,,"15,243","1,382","3,343",,,"4,732","1,212",,,,4725,"5,944","508,119,153","389,949,485","148,618,131","439,290,407",0,0,
III-6,32-2,ES2,22/7/21,U12,32-2U,21.5,31.5,arm,U_arm,S,,NA,NA,NA,,,NA,,,,,0,0,NA,NA,NA,NA,0,0,
III-6,32-2,ES2,22/7/21,U13,32-2U,23.5,29.5,arm,U_arm,S,,17.92,"1,743","1,791",,,"7,651",,,,,3534,"7,651","344,142,565","426,953,125","169,734,151","235,348,226",0,0,
III-6,32-2,ES2,22/7/21,U14,32-2U,25.5,27.5,arm,U_arm,S,,NA,NA,NA,,,NA,,,,,0,0,NA,NA,NA,NA,0,0,
III-6,32-2,ES2,22/7/21,U15,32-2U,27.5,25.5,arm,U_arm,S,,"21,301","2,816","1,889",,,"9,832",158,,,,4705,9.99,"415,966,758","468,992,066","248,961,188","248,226,018",0,0,
III-6,32-2,ES2,22/7/21,U16,32-2U,29.5,23.5,arm,U_arm,S,,21.65,"2,086","2,181",,,"8,203",482,,,,4267,"8,685","329,116,853","401,154,734","160,894,717","286,596,583",0,0,
III-6,32-2,ES2,22/7/21,U17,32-2U,31.5,21.5,transition,transition,transition,,NA,NA,NA,,,NA,,,,,0,0,NA,NA,NA,NA,0,0,
III-6,32-2,ES2,22/7/21,U18,32-2U,33,20,transition,transition,transition,,NA,NA,NA,,,NA,,,,,0,0,NA,NA,NA,NA,0,0,
III-6,32-2,ES2,22/7/21,U19,32-2U,35,18,trunk,trunk,S,,"21,265","2,962","2,106","2,978",,,,,,,8046,0,"378,368,211",0,"139,289,913","27,674,113","391,327,201",0,
III-6,32-2,ES2,22/7/21,U20,32-2U,37,16,trunk,trunk,S,,"17,827","5,754","1,828",,,,,,,,7582,0,"425,309,923",0,"322,768,834","24,021,025",0,0,
III-6,32-2,ES2,22/7/21,U21,32-2U,40,13,trunk,trunk,S,,"17,295","5,039","1,892",,,,,,,,6931,0,"400,751,662",0,"291,355,883","248,620,237",0,0,
III-6,32-2,ES2,22/7/21,U22,32-2U,42,11,trunk,trunk,S,,"17,737","5,230","1,987",,,,,,,,7217,0,"406,889,553",0,"294,863,844","261,103,811",0,0,
III-6,32-2,ES2,22/7/21,U23,32-2U,44,9,trunk,trunk,S,,"16,476","4,898","1,689",,,,,,,,6587,0,"399,793,639",0,"297,280,893","221,944,809",0,0,
III-6,32-2,ES2,22/7/21,U24,32-2U,46.5,6.5,trunk,trunk,S,,"16,873","5,437","1,663",,,,,,,,7100,0,"420,790,612",0,"322,230,783","218,528,252",0,0,
III-6,32-2,ES2,22/7/21,U25,32-2U,49,4,trunk,trunk,S,,"18,213","4,114","1,758","1,507",,654,0.19,,,,7379,844,"424,837,354","46,340,526","236,858,771","231,011,827","198,028,909",0,
III-6,32-2,ES2,22/7/21,U26,32-2U,51,2,trunk,trunk,S,,"23,335","6,952","2,997",,,"1,561","1,516",287,,,9949,"3,364","49,817,235","144,161,131","348,104,752","393,823,916",0,0,
III-6,32-2,ES2,22/7/21,U27,32-2U,53,0,GU,GU,S,,"23,499","7,497","3,634",,,"1,801",899,415,,,11131,"3,115","546,065,542","132,558,832","367,788,462","477,529,566",0,0,
III-6,32-2,ES2,22/7/21,U28,32-2U,54.5,-1.5,GU,GU,S,,"24,196","6,147","3,087",,,,,,,,9234,0,"381,633,328",0,"254,050,256","40,565,046",0,0,
III-6,32-2,ES2,22/7/21,U29,32-2U,56.5,-3.5,rootstock,rootstock,S,,22.8,"3,916","2,520",,,,,,,,6436,0,"282,280,702",0,"171,754,386","331,143,233",0,0,
III-6,32-2,ES2,22/7/21,U30,32-2U,57.5,-4.5,rootstock,rootstock,S,,"18,456","4,193","3,429",,,0.78,,,,,7622,0.78,"431,206,155","42,262,679","237,214,302","450,591,327",0,0,
III-6,32-2,ES2,22/7/21,U31,32-2U,59.5,-6.5,rootstock,rootstock,S,,"16,607","3,045","1,177",,,874,687,0.31,283,85,4222,"2,239","293,847,439","134,822,665","211,929,287","154,664,915",0,0,
III-6,32-2,ES2,22/7/21,U32,32-2U,62,-9,rootstock,rootstock,S,,"16,825","3,027","2,119",,,722,691,,,,5146,"1,413","333,895,666","83,982,169","196,405,398","278,449,409",0,0,
III-6,32-2,ES2,22/7/21,U33,32-2U,64,-11,rootstock,rootstock,S,,"14,849","1,183","1,644",,,148,,,,,2827,148,"192,299,844","9,967,001","80,470,716","216,031,537",0,0,
III-6,32-2,ES2,22/7/21,U34,32-2U,66,-13,rootstock,rootstock,S,,"13,501",0.878,"1,047",,,,,,,,1047.878,0,"142,582,031",0,"6,503,222","137,582,129",0,0,
III-6,32-2,ES2,22/7/21,U35,32-2U,68,-15,rootstock,rootstock,S,,"13,341","1,412",0.833,,,,,,,,1412.833,0,"16,827,824",0,"105,839,142","109,461,235",0,0,
III-6,33-2,ES1,27/7/21,D1,33-2D,-3,46,arm,D_arm,AS,NA,NA,,,,,,,,,,0,0,NA,NA,NA,0,0,0,
III-6,33-2,ES1,27/7/21,D2,33-2D,-1,44,arm,D_arm,AS,NA,NA,,,,,,,,,,0,0,NA,NA,NA,0,0,0,
III-6,33-2,ES1,27/7/21,D3,33-2D,0,43,arm,D_arm,AS,,??,,,,,,,,,,0,0,NA,NA,NA,0,0,0,
III-6,33-2,ES1,27/7/21,D4,33-2D,1,42,arm,D_arm,AS,,"15,376",0.145,,,,"5,116",,,,,0.145,"5,116","14,132,554","332,726,327","14,132,554",0,0,0,
III-6,33-2,ES1,27/7/21,D5,33-2D,2,41,arm,D_arm,AS,,15.08,0.248,,,,"3,079",,,,,0.248,"3,079","20,664,945","204,177,719","20,664,945",0,0,0,
III-6,33-2,ES1,27/7/21,D6,33-2D,4,39,arm,D_arm,AS,,"16,349",,,,,"4,668",,,,,0,"4,668",0,"28,552,205",0,0,0,0,
III-6,33-2,ES1,27/7/21,D7,33-2D,5,38,arm,D_arm,AS,,15.29,,,,,"2,208",,,,,0,"2,208",0,"14,440,811",0,0,0,0,
III-6,33-2,ES1,27/7/21,D8,33-2D,8,35,arm,D_arm,AS,,"15,181",,,,,"1,448",,,,,0,"1,448",0,"95,382,386",0,0,0,0,
III-6,33-2,ES1,27/7/21,D9,33-2D,10,33,arm,D_arm,AS,,"18,084",,,,,285,251,,,,0,536,0,"2,963,946",0,0,0,0,
III-6,33-2,ES1,27/7/21,D10,33-2D,12,31,arm,D_arm,AS,,"21,108",,,,,"1,895","1,288","1,252",209,,0,"4,644",0,"22,001,137",0,0,0,0,
III-6,33-2,ES1,27/7/21,D11,33-2D,14,29,arm,D_arm,AS,,"16,669",,,,,"1,797",557,,,,0,"2,354",0,"141,220,229",0,0,0,0,
III-6,33-2,ES1,27/7/21,D12,33-2D,16,27,arm,D_arm,AS,,"12,925",,,,,0.13,,,,,0,0.13,0,"10,058,027",0,0,0,0,
III-6,33-2,ES1,27/7/21,D13,33-2D,18,25,arm,D_arm,AS,,"12,207",,,,,,,,,,0,0,0,0,0,0,0,0,
III-6,33-2,ES1,27/7/21,U20,33-2D,20,23,transition,transition,AS,,NA,NA,,,,NA,,,,,0,0,NA,NA,NA,0,0,0,
III-6,33-2,ES1,27/7/21,U21,33-2D,22,21,transition,transition,AS,,NA,NA,,,,NA,,,,,0,0,NA,NA,NA,0,0,0,
III-6,33-2,ES1,27/7/21,U22,33-2D,23,20,trunk,trunk,AS,,23.13,,,,,,,,,,0,0,"39,213,143",0,"39,213,143",0,0,0,
III-6,33-2,ES1,27/7/21,U23,33-2D,25,18,trunk,trunk,AS,,17.89,,,,,,,,,,0,0,"44,046,954",0,"44,046,954",0,0,0,
III-6,33-2,ES1,27/7/21,U24,33-2D,27,16,trunk,trunk,AS,,"17,942",,,,,208,,,,,0,208,"4,984,775","1,159,291","4,984,775",0,0,0,
III-6,33-2,ES1,27/7/21,U25,33-2D,29,14,trunk,trunk,AS,,"15,978",,,,,"1,745",,,,,0,"1,745","54,591,442","109,212,667","54,591,442",0,0,0,
III-6,33-2,ES1,27/7/21,U26,33-2D,31,12,trunk,trunk,AS,,"16,994",,,,,,,,,,0,0,"47,428,504",0,"47,428,504",0,0,0,
III-6,33-2,ES1,27/7/21,U27,33-2D,33,10,trunk,trunk,AS,,"18,876",,,,,,,,,,0,0,"26,859,504",0,"26,859,504",0,0,0,
III-6,33-2,ES1,27/7/21,U28,33-2D,35,8,trunk,trunk,AS,,"16,059",,,,,,,,,,0,0,"31,197,459",0,"31,197,459",0,0,0,
III-6,33-2,ES1,27/7/21,U29,33-2D,37,6,trunk,trunk,AS,,"16,977",,,,,,,,,,0,0,"28,214,643",0,"28,214,643",0,0,0,
III-6,33-2,ES1,27/7/21,U30,33-2D,39,4,trunk,trunk,AS,,"16,733",,,,,,,,,,0,0,"31,255,603",0,"27,908,922","7,358,739",0,0,
III-6,33-2,ES1,27/7/21,U31,33-2D,41,2,trunk,trunk,AS,,"17,348",,,,,,,,,,0,0,"2,691,953",0,"2,691,953",0,0,0,
III-6,33-2,ES1,27/7/21,U32,33-2D,43,0,GU,GU,AS,,"18,433",,,,,441,,,,,0,441,"27,345,487","23,924,483","27,345,487",0,0,0,
III-6,33-2,ES1,27/7/21,U33,33-2D,45,-2,GU,GU,AS,,"21,388",,,,,"1,493",0.3,,,,0,"1,793","26,843,583","83,832,055","18,831,335","20,630,749",0,0,
III-6,33-2,ES1,27/7/21,U34,33-2D,47,-4,GU,GU,AS,,"21,494",,,0.153,,0.71,311,257,,,0.153,"1,278","42,144,836","59,458,454","21,814,404","3,390,276","20,105,125",0,
III-6,33-2,ES1,27/7/21,U35,33-2D,49,-6,rootstock,rootstock,AS,,"21,817",,,,,854,625,,,,0,"1,479","1,180,057","67,791,172","1,180,057",0,0,0,
III-6,33-2,ES1,27/7/21,U36,33-2D,51,-8,rootstock,rootstock,AS,,NA,,,,,,,,,,0,0,NA,NA,NA,0,0,0,
III-6,33-2,ES1,27/7/21,U37,33-2D,53,-10,rootstock,rootstock,AS,,"14,343",,,,,"3,221",146,,,,0,"3,367",0,"234,748,658",0,0,0,0,
III-6,33-2,ES1,27/7/21,U38,33-2D,55,-12,rootstock,rootstock,AS,,"14,263",,,,,"2,075",677,153,134,,0,"3,039",0,"213,068,779",0,0,0,0,
III-6,33-2,ES1,27/7/21,U39,33-2D,57,-14,NA,NA,AS,,NA,,,,,,,,,,0,0,NA,NA,NA,0,0,0,
III-6,33-2,ES1,27/7/21,U40,33-2D,59,-16,NA,NA,AS,,NA,,,,,,,,,,0,0,NA,NA,NA,0,0,0,
III-6,33-2,ES1,27/7/21,U41,33-2D,61,-18,NA,NA,AS,,NA,,,,,,,,,,0,0,NA,NA,NA,0,0,0,
III-6,33-2,ES1,27/7/21,U42,33-2D,63,-20,NA,NA,AS,,NA,,,,,,,,,,0,0,NA,NA,NA,0,0,0,
III-6,33-2,ES1,27/7/21,U43,33-2D,65,-22,rootstock,rootstock,AS,,"13,377",,,,,0.74,,,,,0,0.74,0,"55,318,831",0,0,0,0,
III-6,33-2,ES1,27/7/21,U44,33-2D,67,-24,rootstock,rootstock,AS,,"12,365",,,,,996,,,,,0,996,0,"80,549,939",0,0,0,0,
III-6,33-2,ES1,27/7/21,U1,33-2U,0,62,arm,U_arm,NA,NA,NA,,,,,,,,,,0,0,NA,NA,NA,0,0,0,
III-6,33-2,ES1,27/7/21,U2,33-2U,1,60,arm,U_arm,S,,"8,928","3,219",,,,577,71,,,,3219,648,"388,768,116","72,580,645","388,768,116",0,0,0,
III-6,33-2,ES1,27/7/21,U3,33-2U,3,58,arm,U_arm,S,,"9,167",2.7,0.568,0.182,0.165,,,,,,3.615,0,"394,349,296",0,"294,534,744","74,638,633","239,159","21,681,997",
III-6,33-2,ES1,27/7/21,U4,33-2U,5,56,arm,U_arm,S,,"15,554","2,311",,,,"3,597","1,217",,,,2311,"4,814","215,176,909","309,502,379","215,176,909",0,0,0,
III-6,33-2,ES1,27/7/21,U5,33-2U,7,54,arm,U_arm,S,,"13,048","2,171",,,,"1,069",,,,,2171,"1,069","181,233,826","81,928,265","181,233,826",0,0,0,
III-6,33-2,ES1,27/7/21,U6,33-2U,9,52,arm,U_arm,S,,16.27,,"1,941",,,"3,647",489,,,,1941,"4,136","159,963,738","254,210,203",0,"255,059,133",0,0,
III-6,33-2,ES1,27/7/21,U7,33-2U,11,50,arm,U_arm,S,,"15,619","1,977","2,237",,,2.91,,,,,4214,2.91,"331,576,048","186,311,544","155,559,053","293,955,322",0,0,
III-6,33-2,ES1,27/7/21,U8,33-2U,13,48,arm,U_arm,S,,"16,019","2,375",0.613,,,"4,478",,,,,2375.613,"4,478","258,903,041","279,543,043","20,578,806","80,551,905",0,0,
III-6,33-2,ES1,27/7/21,U9,33-2U,15,46,arm,U_arm,S,,"16,393","3,587",0.342,,,"3,331",199,,,,3587.342,3.53,"30,544,974","215,335,814","278,861,852","44,940,867",0,0,
III-6,33-2,ES1,27/7/21,U10,33-2U,17,44,arm,U_arm,S,,"16,637","1,513",0.565,,,"3,736",,,,,1513.565,"3,736","161,072,785","224,559,716","11,727,773","74,244,415",0,0,
III-6,33-2,ES1,27/7/21,U11,33-2U,19,42,arm,U_arm,S,,17.27,"1,082","1,015",,,"4,356",,,,,2097,"4,356","162,381,911","252,229,299","83,785,039","133,377,135",0,0,
III-6,33-2,ES1,27/7/21,U12,33-2U,21,40,arm,U_arm,S,,"15,442","1,343",0.555,0.22,,"4,055",,,,,1343.775,"4,055","186,001,581","262,595,519","117,941,512","72,930,355","2,890,933",0,
III-6,33-2,ES1,27/7/21,U13,33-2U,23,38,arm,U_arm,S,,"11,879","1,058",0.656,,,"2,332",,,,,1058.656,"2,332","179,532,838","196,312,821","110,820,153","86,202,365",0,0,
III-6,33-2,ES1,27/7/21,U14,33-2U,26,35,arm,U_arm,S,,"12,826",0.97,0.725,,,2.26,0.62,,,,1.695,2.88,"170,420,269","224,543,895","97,526,644","95,269,382",0,0,
III-6,33-2,ES1,27/7/21,U15,33-2U,29,32,arm,U_arm,S,,"14,072","1,069",0.834,,,"2,299",,,,,1069.834,"2,299","161,641,043","163,374,076","90,800,985","109,592,641",0,0,
III-6,33-2,ES1,27/7/21,U16,33-2U,31,30,arm,U_arm,S,,"17,323","2,077","1,423",,,2.79,279,,,,3500,"3,069","24,554,511","177,163,309","145,713,484","186,990,802",0,0,
III-6,33-2,ES1,27/7/21,U17,33-2U,33,28,arm,U_arm,S,,"19,276","1,033",0.71,,,"1,837","1,209",877,"4,273",,1033.71,"8,196","157,310,469","425,191,949","93,231,047","93,298,292",0,0,
III-6,33-2,ES1,27/7/21,U18,33-2U,35,26,arm,U_arm,S,,"18,644","1,895",0.766,,,2.61,799,706,,,1895.766,"4,115","18,315,094","220,714,439","130,428,798","10,065,703",0,0,
III-6,33-2,ES1,27/7/21,U19,33-2U,37,24,arm,U_arm,S,,"17,234","1,439",,,,"3,699","2,197",,,,1439,"5,896","126,918,328","342,114,425","126,918,328",0,0,0,
III-6,33-2,ES1,27/7/21,U20,33-2U,38,23,transition,transition,S,,NA,NA,,,,NA,,,,,0,0,NA,NA,NA,0,0,0,
III-6,33-2,ES1,27/7/21,U21,33-2U,40,21,transition,transition,S,,NA,NA,,,,NA,,,,,0,0,NA,NA,NA,0,0,0,
III-6,33-2,ES1,27/7/21,U22,33-2U,42,19,trunk,trunk,S,,23.13,0.907,,,,,,,,,0.907,0,"39,213,143",0,"39,213,143",0,0,0,
III-6,33-2,ES1,27/7/21,U23,33-2U,43,18,trunk,trunk,S,,17.89,0.788,,,,,,,,,0.788,0,"44,046,954",0,"44,046,954",0,0,0,
III-6,33-2,ES1,27/7/21,U24,33-2U,45,16,trunk,trunk,S,,"17,942",0.884,,,,208,,,,,0.884,208,"4,984,775","1,159,291","4,984,775",0,0,0,
III-6,33-2,ES1,27/7/21,U25,33-2U,47,14,trunk,trunk,S,,"15,978",0.777,,,,"1,745",,,,,0.777,"1,745","54,591,442","109,212,667","54,591,442",0,0,0,
III-6,33-2,ES1,27/7/21,U26,33-2U,49,12,trunk,trunk,S,,"16,994",0.806,,,,,,,,,0.806,0,"47,428,504",0,"47,428,504",0,0,0,
III-6,33-2,ES1,27/7/21,U27,33-2U,51,10,trunk,trunk,S,,"18,876",0.507,,,,,,,,,0.507,0,"26,859,504",0,"26,859,504",0,0,0,
III-6,33-2,ES1,27/7/21,U28,33-2U,53,8,trunk,trunk,S,,"16,059",0.501,,,,,,,,,0.501,0,"31,197,459",0,"31,197,459",0,0,0,
III-6,33-2,ES1,27/7/21,U29,33-2U,55,6,trunk,trunk,S,,"16,977",0.479,,,,,,,,,0.479,0,"28,214,643",0,"28,214,643",0,0,0,
III-6,33-2,ES1,27/7/21,U30,33-2U,57,4,trunk,trunk,S,,"16,733",0.467,0.56,,,,,,,,1.027,0,"31,255,603",0,"27,908,922","7,358,739",0,0,
III-6,33-2,ES1,27/7/21,U31,33-2U,59,2,trunk,trunk,S,,"17,348",0.467,,,,,,,,,0.467,0,"2,691,953",0,"2,691,953",0,0,0,
III-6,33-2,ES1,27/7/21,U32,33-2U,61,0,GU,GU,S,,"18,433",0.492,,,,441,,,,,0.492,441,"27,345,487","23,924,483","27,345,487",0,0,0,
III-6,33-2,ES1,27/7/21,U33,33-2U,63,-2,GU,GU,S,,"21,388",0.369,0.157,,,"1,493",0.3,,,,0.526,"1,793","26,843,583","83,832,055","18,831,335","20,630,749",0,0,
III-6,33-2,ES1,27/7/21,U34,33-2U,65,-4,GU,GU,S,,"21,494",0.441,0.258,0.153,,0.71,311,257,,,0.852,"1,278","42,144,836","59,458,454","21,814,404","3,390,276","20,105,125",0,
III-6,33-2,ES1,27/7/21,U35,33-2U,67,-6,rootstock,rootstock,S,,"21,817",0.24,,,,854,625,,,,0.24,"1,479","1,180,057","67,791,172","1,180,057",0,0,0,
III-6,33-2,ES1,27/7/21,U36,33-2U,69,-8,rootstock,rootstock,S,,NA,,,,,,,,,,0,0,NA,NA,NA,0,0,0,
III-6,33-2,ES1,27/7/21,U37,33-2U,71,-10,rootstock,rootstock,S,,"14,343",,,,,"3,221",146,,,,0,"3,367",0,"234,748,658",0,0,0,0,
III-6,33-2,ES1,27/7/21,U38,33-2U,73,-12,rootstock,rootstock,S,,"14,263",,,,,"2,075",677,153,134,,0,"3,039",0,"213,068,779",0,0,0,0,
III-6,33-2,ES1,27/7/21,U39,33-2U,75,-14,NA,NA,NA,,NA,,,,,,,,,,0,0,NA,NA,NA,0,0,0,
III-6,33-2,ES1,27/7/21,U40,33-2U,77,-16,NA,NA,NA,,NA,,,,,,,,,,0,0,NA,NA,NA,0,0,0,
III-6,33-2,ES1,27/7/21,U41,33-2U,79,-18,NA,NA,NA,,NA,,,,,,,,,,0,0,NA,NA,NA,0,0,0,
III-6,33-2,ES1,27/7/21,U42,33-2U,81,-20,NA,NA,NA,,NA,,,,,,,,,,0,0,NA,NA,NA,0,0,0,
III-6,33-2,ES1,27/7/21,U43,33-2U,83,-22,rootstock,rootstock,S,,"13,377",,,,,0.74,,,,,0,0.74,0,"55,318,831",0,0,0,0,
III-6,33-2,ES1,27/7/21,U44,33-2U,85,-24,rootstock,rootstock,S,,"12,365",,,,,996,,,,,0,996,0,"80,549,939",0,0,0,0,
III-6,32-13,AS,30/7/21,U1,32-13U,0,35,arm,U_arm,AS,,NA,,,,,,,,,,0,0,NA,NA,NA,0,0,0,
III-6,32-13,AS,30/7/21,U2,32-13U,2,33,arm,U_arm,AS,,"22,124",,,,,"16,222",,,,,0,"16,222",0,"73,323,088",0,0,0,0,
III-6,32-13,AS,30/7/21,U3,32-13U,3.5,31.5,arm,U_arm,AS,,"17,706",,,,,"13,197",,,,,0,"13,197",0,"745,340,563",0,0,0,0,
III-6,32-13,AS,30/7/21,U4,32-13U,4.5,30.5,transition,transition,AS,,NA,,,,,NA,,,,,0,0,NA,NA,NA,0,0,0,
III-6,32-13,AS,30/7/21,U5,32-13U,5.5,29.5,transition,transition,AS,,NA,,,,,NA,,,,,0,0,NA,NA,NA,0,0,0,
III-6,32-13,AS,30/7/21,U6,32-13U,7,28,trunk,trunk,AS,,"21,451",,,,,"14,067",,,,,0,"14,067",0,"655,773,624",0,0,0,0,
III-6,32-13,AS,30/7/21,U7,32-13U,9,26,trunk,trunk,AS,,"20,437",,,,,"13,116",,,,,0,"13,116",0,"641,777,169",0,0,0,0,
III-6,32-13,AS,30/7/21,U8,32-13U,10.5,24.5,trunk,trunk,AS,,"26,118",,,,,"18,376",,,,,0,"18,376",0,"703,576,078",0,0,0,0,
III-6,32-13,AS,30/7/21,U9,32-13U,12.5,22.5,trunk,trunk,AS,,"22,771",,,,,14.94,,,,,0,14.94,0,"656,097,668",0,0,0,0,
III-6,32-13,AS,30/7/21,U10,32-13U,14,21,trunk,trunk,AS,,"21,697",,,,,"12,854",487,,,,0,"13,341",0,"614,877,633",0,0,0,0,
III-6,32-13,AS,30/7/21,U11,32-13U,15.5,19.5,trunk,trunk,AS,,"19,178",,,,,"10,982",,,,,0,"10,982",0,"572,635,311",0,0,0,0,
III-6,32-13,AS,30/7/21,U12,32-13U,17.5,17.5,trunk,trunk,AS,,"18,927",,,,,"11,036",,,,,0,"11,036",0,"583,082,369",0,0,0,0,
III-6,32-13,AS,30/7/21,U13,32-13U,20,15,trunk,trunk,AS,,"19,585",,,,,"11,682",,,,,0,"11,682",0,"596,476,896",0,0,0,0,
III-6,32-13,AS,30/7/21,U14,32-13U,22,13,trunk,trunk,AS,,"17,998",,,,,"10,015",,,,,0,"10,015",0,"556,450,717",0,0,0,0,
III-6,32-13,AS,30/7/21,U15,32-13U,24,11,trunk,trunk,AS,,"17,472",,,,,"10,273",,,,,0,"10,273",0,"587,969,322",0,0,0,0,
III-6,32-13,AS,30/7/21,U16,32-13U,25.5,9.5,trunk,trunk,AS,,"17,617",,,,,"9,823",,,,,0,"9,823",0,"557,586,422",0,0,0,0,
III-6,32-13,AS,30/7/21,U17,32-13U,27.5,7.5,trunk,trunk,AS,,"18,275",,,,,10.54,,,,,0,10.54,0,"576,744,186",0,0,0,0,
III-6,32-13,AS,30/7/21,U18,32-13U,29,6,trunk,trunk,AS,,17.09,,,,,9.63,,,,,0,9.63,0,"56,348,742",0,0,0,0,
III-6,32-13,AS,30/7/21,U19,32-13U,31,4,trunk,trunk,AS,,"16,876",,,,,"9,478",,,,,0,"9,478",0,"561,625,978",0,0,0,0,
III-6,32-13,AS,30/7/21,U20,32-13U,33,2,trunk,trunk,AS,,"17,706",,,,,"10,095",,,,,0,"10,095",0,"570,145,713",0,0,0,0,
III-6,32-13,AS,30/7/21,U21,32-13U,35,0,GU,GU,AS,,"20,683",,,,,"12,325",,,,,0,"12,325",0,"595,900,015",0,0,0,0,
III-6,32-13,AS,30/7/21,U22,32-13U,37,-2,GU,GU,AS,,"23,758",,,,,"13,763",,,,,0,"13,763",0,"579,299,604",0,0,0,0,
III-6,32-13,AS,30/7/21,U23,32-13U,39,-4,GU,GU,AS,,"25,371",,,,,"15,793",,,,,0,"15,793",0,"622,482,362",0,0,0,0,
III-6,32-13,AS,30/7/21,U24,32-13U,41,-6,GU,GU,AS,,21.36,0.125,,,,"14,643",,,,,0.125,"14,643","18,609,498","685,533,708","18,609,498",0,0,0,
III-6,32-13,AS,30/7/21,U25,32-13U,43,-8,rootstock,rootstock,AS,,16.56,,,,,"10,455",144,,,,0,"10,599",0,"640,036,232",0,0,0,0,
III-6,32-13,AS,30/7/21,U26,32-13U,45,-10,rootstock,rootstock,AS,,"15,005",,,,,8.81,,,,,0,8.81,0,"587,137,621",0,0,0,0,
III-6,32-13,AS,30/7/21,U27,32-13U,47,-12,rootstock,rootstock,AS,,"15,499",,,,,"8,967",0.37,,,,0,"9,337",0,"602,425,963",0,0,0,0,
III-6,32-13,AS,30/7/21,U28,32-13U,49,-14,rootstock,rootstock,AS,,"15,835",0.54,,,,"8,495",207,,,,0.54,"8,702","7,570,447","549,542,153","7,570,447",0,0,0,
III-6,32-13,AS,30/7/21,U29,32-13U,51,-16,rootstock,rootstock,AS,,14.79,,,,,"6,948","1,087",,,,0,"8,035",0,"543,272,481",0,0,0,0,
III-6,32-13,AS,30/7/21,U30,32-13U,53,-18,rootstock,rootstock,AS,,13.13,0.105,,,,"6,496",,,,,0.105,"6,496","15,827,555","494,744,859","15,827,555",0,0,0,
III-6,33-47,ES3,23/7/21,U1,33-47U,1,76,arm,U_arm,S,,"19,056","2,118",,,,"4,252",,,,,2118,"4,252","143,069,441","223,131,822","143,069,441",0,0,0,
III-6,33-47,ES3,23/7/21,U2,33-47U,3,74,arm,U_arm,S,,"12,578","1,264",,,,"1,584",,,,,1264,"1,584","114,971,803","125,934,171","114,971,803",0,0,0,
III-6,33-47,ES3,23/7/21,U3,33-47U,5,72,arm,U_arm,S,,"10,409",0.579,,,,917,,,,,0.579,917,"60,998,736","88,096,839","60,998,736",0,0,0,
III-6,33-47,ES3,23/7/21,U4,33-47U,7,70,arm,U_arm,S,,"12,942",0.425,,,,"1,657","1,639",,,,0.425,"3,296","44,059,714","254,674,703","44,059,714",0,0,0,
III-6,33-47,ES3,23/7/21,U5,33-47U,9,68,arm,U_arm,S,,NA,NA,NA,NA,NA,NA,NA,,,,0,0,NA,NA,NA,NA,NA,NA,
III-6,33-47,ES3,23/7/21,U6,33-47U,11,66,arm,U_arm,S,,NA,NA,NA,NA,NA,NA,NA,,,,0,0,NA,NA,NA,NA,NA,NA,
III-6,33-47,ES3,23/7/21,U7,33-47U,13,64,arm,U_arm,S,,NA,NA,NA,NA,NA,NA,NA,,,,0,0,NA,NA,NA,NA,NA,NA,
III-6,33-47,ES3,23/7/21,U8,33-47U,15,62,arm,U_arm,S,,"22,052",0.872,,,,"11,721",,,,,0.872,"11,721","84,406,156","531,516,416","84,406,156",0,0,0,
III-6,33-47,ES3,23/7/21,U9,33-47U,18,59,arm,U_arm,S,,"16,791",0.389,,,,"7,977",,,,,0.389,"7,977","44,134,332","475,075,934","44,134,332",0,0,0,
III-6,33-47,ES3,23/7/21,U10,33-47U,20,57,arm,U_arm,S,,"16,841",0.803,0.46,,,"6,914",,,,,1.263,"6,914","85,524,328","410,545,692","80,890,501","6,044,678",0,0,
III-6,33-47,ES3,23/7/21,U11,33-47U,23,54,arm,U_arm,S,,"16,773",0.916,,,,"2,943",,,,,0.916,"2,943","66,232,827","175,460,562","66,232,827",0,0,0,
III-6,33-47,ES3,23/7/21,U12,33-47U,26,51,arm,U_arm,S,,"19,833","1,005",,,,,,,,,1005,0,"50,673,121",0,"50,673,121",0,0,0,
III-6,33-47,ES3,23/7/21,U13,33-47U,28,49,arm,U_arm,S,,"21,267","1,142",,,,1.68,"1,729",,,,1142,"3,409","6,394,893","160,295,293","6,394,893",0,0,0,
III-6,33-47,ES3,23/7/21,U14,33-47U,31,46,arm,U_arm,S,,"21,307","1,041",,,,"2,465",0.51,,,,1041,"2,975","56,785,948","139,625,475","56,785,948",0,0,0,
III-6,33-47,ES3,23/7/21,U15,33-47U,33,44,arm,U_arm,S,,"22,881",0.839,,,,"4,114","2,103",,,,0.839,"6,217","50,348,056","271,710,153","50,348,056",0,0,0,
III-6,33-47,ES3,23/7/21,U16,33-47U,35,42,arm,U_arm,S,,"22,128","1,031",,,,"4,131",522,,,,1031,"4,653","58,998,569","210,276,573","58,998,569",0,0,0,
III-6,33-47,ES3,23/7/21,U17,33-47U,37,40,arm,U_arm,S,,"21,035",0.82,,,,"3,184",,,,,0.82,"3,184","45,935,802","15,136,677","45,935,802",0,0,0,
III-6,33-47,ES3,23/7/21,U18,33-47U,38,39,arm,U_arm,S,,"19,873",0.341,,,,"2,162",,,,,0.341,"2,162","19,253,571","108,790,822","19,253,571",0,0,0,
III-6,33-47,ES3,23/7/21,U19,33-47U,40,37,transition,transition,transition,,"20,947",,,,,,,,,,0,0,0,0,0,0,0,0,
III-6,33-47,ES3,23/7/21,U20,33-47U,41,36,transition,transition,transition,,NA,NA,NA,NA,NA,NA,NA,,,,0,0,NA,NA,NA,NA,NA,NA,
III-6,33-47,ES3,23/7/21,U21,33-47U,43,34,transition,transition,transition,,NA,NA,NA,NA,NA,NA,NA,,,,0,0,NA,NA,NA,NA,NA,NA,
III-6,33-47,ES3,23/7/21,U22,33-47U,45,32,trunk,trunk,S,,"26,524",,0.356,,,601,,,,,0.356,601,"13,732,978","22,658,724",0,"46,780,552",0,0,
III-6,33-47,ES3,23/7/21,U23,33-47U,47,30,trunk,trunk,S,,"21,545",0.786,0.672,,,,,,,,1.458,0,"67,672,314",0,"36,481,782","88,304,862",0,0,
III-6,33-47,ES3,23/7/21,U24,33-47U,50,27,trunk,trunk,S,,"22,344",0.644,,,,"3,054",,,,,0.644,"3,054","33,385,174","136,680,988","33,385,174",0,0,0,
III-6,33-47,ES3,23/7/21,U25,33-47U,52,25,trunk,trunk,S,,"19,213",0.426,0.791,,,657,,,,,1.217,657,"65,585,255","34,195,597","22,957,534","103,942,181",0,0,
III-6,33-47,ES3,23/7/21,U26,33-47U,54,23,trunk,trunk,S,,"19,408",,0.286,,,"1,307",498,,,,0.286,"1,805","16,247,231","93,002,885",0,"37,582,129",0,0,
III-6,33-47,ES3,23/7/21,U27,33-47U,56,21,trunk,trunk,S,,"19,894",0.601,0.804,,,"1,165",,,,,1.405,"1,165","75,017,353","5,856,037","32,089,273","10,565,046",0,0,
III-6,33-47,ES3,23/7/21,U28,33-47U,58,19,trunk,trunk,S,,"19,769",0.599,"1,137",,,,,,,,1137.599,0,"87,814,255",0,"30,299,965","149,408,673",0,0,
III-6,33-47,ES3,23/7/21,U29,33-47U,61,16,trunk,trunk,S,,"20,408",0.659,0.85,,,"2,091",,,,,1.509,"2,091","82,382,486","10,245,982","35,977,507","111,695,138",0,0,
III-6,33-47,ES3,23/7/21,U30,33-47U,63,14,trunk,trunk,S,,"19,686",0.499,"1,081",,,,,,,,1081.499,0,"80,260,083",0,"25,347,963","142,049,934",0,0,
III-6,33-47,ES3,23/7/21,U31,33-47U,66,11,trunk,trunk,S,,18.08,0.629,0.749,,,,,,,,1.378,0,"76,216,814",0,"34,789,823","98,423,127",0,0,
III-6,33-47,ES3,23/7/21,U32,33-47U,69,8,trunk,trunk,S,,"17,921",0.472,0.734,,,,,,,,1.206,0,"67,295,352",0,"26,337,816","96,452,037",0,0,
III-6,33-47,ES3,23/7/21,U33,33-47U,72,5,trunk,trunk,S,,"17,571",0.485,0.396,,,"1,951",,,,,0.881,"1,951","56,402,049","111,035,229","31,049,936","52,036,794",0,0,
III-6,33-47,ES3,23/7/21,U34,33-47U,74,3,trunk,trunk,S,,"18,855",0.377,,,,4.07,,,,,0.377,4.07,"25,498,816","215,857,863","25,498,816",0,0,0,
III-6,33-47,ES3,23/7/21,U35,33-47U,76,1,trunk,trunk,S,,18.29,0.529,0.515,,,"4,038",,,,,1.044,"4,038","73,252,877","220,776,381","37,117,598","67,674,113",0,0,
III-6,33-47,ES3,23/7/21,U36,33-47U,77,0,GU,GU,S,,20.71,0.167,0.12,0.116,,"2,772",,,,,0.403,"2,772","22,466,273","133,848,382","9,309,845","15,768,725","15,243,101",0,
III-6,33-47,ES3,23/7/21,U37,33-47U,80,-3,GU,GU,S,,"22,669",,0.355,0.78,,"1,239","1,208",,,,1.135,"2,447","21,412,323","10,794,477",0,"46,649,146","10,249,671",0,
III-6,33-47,ES3,23/7/21,U38,33-47U,82,-5,GU,GU,S,,"21,586",,,,,567,,,,,0,567,0,"26,267,025",0,0,0,0,
III-6,33-47,ES3,23/7/21,U39,33-47U,84,-7,rootstock,rootstock,S,,"17,526",0.111,,,,,,,,,0.111,0,"6,333,447",0,"6,333,447",0,0,0,
III-6,33-47,ES3,23/7/21,U40,33-47U,86,-9,rootstock,rootstock,S,,"15,697",,,0.47,,114,,,,,0.47,114,"3,016,107","7,262,534",0,0,"6,176,084",0,
III-6,33-47,ES3,23/7/21,U41,33-47U,87,-10,rootstock,rootstock,S,,"15,689",,,,,"1,103",,,,,0,"1,103",0,"70,304,035",0,0,0,0,
III-6,33-47,ES3,23/7/21,U42,33-47U,90,-13,rootstock,rootstock,S,,"14,961",,,,,"1,077",,,,,0,"1,077",0,"71,987,167",0,0,0,0,
III-6,33-47,ES3,23/7/21,U43,33-47U,92,-15,rootstock,rootstock,S,,"13,892",,,,,"1,019",0.17,,,,0,"1,189",0,"85,588,828",0,0,0,0,
III-6,33-47,ES3,23/7/21,U44,33-47U,94,-17,rootstock,rootstock,S,,"15,093",,,,,0.45,93,,,,0,543,0,"35,976,943",0,0,0,0,
III-6,33-47,ES3,23/7/21,U45,33-47U,95,-18,rootstock,rootstock,S,,"13,291",,,,,,,,,,0,0,0,0,0,0,0,0,
III-6,33-47,ES3,23/7/21,U46,33-47U,97,-20,rootstock,rootstock,S,,"12,874",,,,,,,,,,0,0,0,0,0,0,0,0,
